<?xml version = '1.0' encoding = 'UTF-8'?>
<Relation class="oracle.dbtools.crest.model.design.logical.Relation" name="cards_card_issuers_FK" directorySegmentName="seg_0" id="0EC05A4F-064E-0FBE-B89A-0DB9187605A4">
<createdBy>lucas</createdBy>
<createdTime>2022-05-22 20:12:00 UTC</createdTime>
<generatorID>DCAAAD0B-D9FB-6D5F-806F-79DB24F3A702</generatorID>
<ownerDesignName>Fintech</ownerDesignName>
<engineerTo>
<item key="1FE2F9D5-B87F-7E9F-95BD-EEB7F815E811" value="true"/>
</engineerTo>
<sourcePk>6C9FDBD3-3A57-7C1C-72D1-CAE420102282</sourcePk>
<identifying>false</identifying>
<optionalSource>true</optionalSource>
<optionalTarget>false</optionalTarget>
<sourceCardinality>1</sourceCardinality>
<sourceEntity>45A8C34E-3676-7CBD-76E6-7FCC262D68B3</sourceEntity>
<targetCardinalityString>*</targetCardinalityString>
<targetEntity>2AE82674-E038-EB3D-F611-9732084322C7</targetEntity>
<transferable>true</transferable>
<deleteRule>NO ACTION</deleteRule>
</Relation>