<?xml version = '1.0' encoding = 'UTF-8'?>
<Relation class="oracle.dbtools.crest.model.design.logical.Relation" name="events_bank_accounts_FK" directorySegmentName="seg_0" id="16DDB83D-094A-76AD-BAEB-F1B4912B3CCE">
<createdBy>lucas</createdBy>
<createdTime>2022-05-22 20:12:00 UTC</createdTime>
<generatorID>B5DD98F6-E484-0C94-82D8-D3448055D87C</generatorID>
<ownerDesignName>Fintech</ownerDesignName>
<engineerTo>
<item key="1FE2F9D5-B87F-7E9F-95BD-EEB7F815E811" value="true"/>
</engineerTo>
<sourcePk>CFB7AB11-DA8D-224A-E4A1-251016145676</sourcePk>
<identifying>false</identifying>
<optionalSource>true</optionalSource>
<optionalTarget>false</optionalTarget>
<sourceCardinality>1</sourceCardinality>
<sourceEntity>51002581-B5C6-CC85-2537-D89641FD3DFD</sourceEntity>
<targetCardinalityString>*</targetCardinalityString>
<targetEntity>E5AB4549-DFA1-4781-286E-C3CE1C226BB2</targetEntity>
<transferable>true</transferable>
<deleteRule>NO ACTION</deleteRule>
</Relation>