<?xml version = '1.0' encoding = 'UTF-8'?>
<Relation class="oracle.dbtools.crest.model.design.logical.Relation" name="bank_accounts_users_FK" directorySegmentName="seg_0" id="4EF5A059-2213-F5B6-5B23-F1F875E3DA66">
<createdBy>lucas</createdBy>
<createdTime>2022-05-22 20:12:00 UTC</createdTime>
<generatorID>9D6E3C2E-B04A-AF86-2AA9-AAC2A412C649</generatorID>
<ownerDesignName>Fintech</ownerDesignName>
<engineerTo>
<item key="1FE2F9D5-B87F-7E9F-95BD-EEB7F815E811" value="true"/>
</engineerTo>
<sourcePk>95F3B7CB-A34D-59A4-99C2-EA5589D2B906</sourcePk>
<identifying>false</identifying>
<optionalSource>true</optionalSource>
<optionalTarget>false</optionalTarget>
<sourceCardinality>1</sourceCardinality>
<sourceEntity>D46B6507-8C9D-83A6-E1F4-B40B5BDA725A</sourceEntity>
<targetCardinalityString>*</targetCardinalityString>
<targetEntity>51002581-B5C6-CC85-2537-D89641FD3DFD</targetEntity>
<transferable>true</transferable>
<deleteRule>NO ACTION</deleteRule>
</Relation>