<?xml version = '1.0' encoding = 'UTF-8'?>
<Relation class="oracle.dbtools.crest.model.design.logical.Relation" name="bank_accounts_banks_FK" directorySegmentName="seg_0" id="B8792DFA-6E20-420A-6F46-1BCD541C7B3F">
<createdBy>lucas</createdBy>
<createdTime>2022-05-22 20:12:00 UTC</createdTime>
<generatorID>2907E4B0-895B-AD77-7460-1A266D71AA3F</generatorID>
<ownerDesignName>Fintech</ownerDesignName>
<engineerTo>
<item key="1FE2F9D5-B87F-7E9F-95BD-EEB7F815E811" value="true"/>
</engineerTo>
<sourcePk>4BD3B5D2-3754-DD0B-6AFD-222DD4A8BDAC</sourcePk>
<identifying>false</identifying>
<optionalSource>true</optionalSource>
<optionalTarget>false</optionalTarget>
<sourceCardinality>1</sourceCardinality>
<sourceEntity>BD5DCB9F-8ED0-3FB8-3306-22B2EE502D03</sourceEntity>
<targetCardinalityString>*</targetCardinalityString>
<targetEntity>51002581-B5C6-CC85-2537-D89641FD3DFD</targetEntity>
<transferable>true</transferable>
<deleteRule>NO ACTION</deleteRule>
</Relation>