<?xml version = '1.0' encoding = 'UTF-8'?>
<Relation class="oracle.dbtools.crest.model.design.logical.Relation" name="cards_users_FK" directorySegmentName="seg_0" id="E0A29D94-A90D-F34B-5038-0F19ABF82B34">
<createdBy>lucas</createdBy>
<createdTime>2022-05-22 20:12:00 UTC</createdTime>
<generatorID>45EABA21-1A5B-C5FF-F4E5-FDA7C7E93E50</generatorID>
<ownerDesignName>Fintech</ownerDesignName>
<engineerTo>
<item key="1FE2F9D5-B87F-7E9F-95BD-EEB7F815E811" value="true"/>
</engineerTo>
<sourcePk>95F3B7CB-A34D-59A4-99C2-EA5589D2B906</sourcePk>
<identifying>false</identifying>
<optionalSource>true</optionalSource>
<optionalTarget>false</optionalTarget>
<sourceCardinality>1</sourceCardinality>
<sourceEntity>D46B6507-8C9D-83A6-E1F4-B40B5BDA725A</sourceEntity>
<targetCardinalityString>*</targetCardinalityString>
<targetEntity>2AE82674-E038-EB3D-F611-9732084322C7</targetEntity>
<transferable>true</transferable>
<deleteRule>NO ACTION</deleteRule>
</Relation>