<?xml version = '1.0' encoding = 'UTF-8'?>
<Relation class="oracle.dbtools.crest.model.design.logical.Relation" name="events_users_FK" directorySegmentName="seg_0" id="E2CA6F3C-D10C-73EB-2563-BD3390A98CC7">
<createdBy>lucas</createdBy>
<createdTime>2022-05-22 20:12:00 UTC</createdTime>
<generatorID>10B0D021-5A71-1C09-AC4C-A4EC053127FB</generatorID>
<ownerDesignName>Fintech</ownerDesignName>
<engineerTo>
<item key="1FE2F9D5-B87F-7E9F-95BD-EEB7F815E811" value="true"/>
</engineerTo>
<sourcePk>95F3B7CB-A34D-59A4-99C2-EA5589D2B906</sourcePk>
<identifying>false</identifying>
<optionalSource>true</optionalSource>
<optionalTarget>false</optionalTarget>
<sourceCardinality>1</sourceCardinality>
<sourceEntity>D46B6507-8C9D-83A6-E1F4-B40B5BDA725A</sourceEntity>
<targetCardinalityString>*</targetCardinalityString>
<targetEntity>E5AB4549-DFA1-4781-286E-C3CE1C226BB2</targetEntity>
<transferable>true</transferable>
<deleteRule>NO ACTION</deleteRule>
</Relation>