<?xml version = '1.0' encoding = 'UTF-8'?>
<Relation class="oracle.dbtools.crest.model.design.logical.Relation" name="events_cards_FK" directorySegmentName="seg_0" id="F49D806D-1DE1-C225-4B41-ED33E1227EE9">
<createdBy>lucas</createdBy>
<createdTime>2022-05-22 20:12:00 UTC</createdTime>
<generatorID>450D16A6-2108-9967-07F1-39F34B2613AF</generatorID>
<ownerDesignName>Fintech</ownerDesignName>
<engineerTo>
<item key="1FE2F9D5-B87F-7E9F-95BD-EEB7F815E811" value="true"/>
</engineerTo>
<sourcePk>61179F36-80BD-8383-1511-49B7192066A6</sourcePk>
<identifying>false</identifying>
<optionalSource>true</optionalSource>
<optionalTarget>false</optionalTarget>
<sourceCardinality>1</sourceCardinality>
<sourceEntity>2AE82674-E038-EB3D-F611-9732084322C7</sourceEntity>
<targetCardinalityString>*</targetCardinalityString>
<targetEntity>E5AB4549-DFA1-4781-286E-C3CE1C226BB2</targetEntity>
<transferable>true</transferable>
<deleteRule>NO ACTION</deleteRule>
</Relation>