<?xml version = '1.0' encoding = 'UTF-8'?>
<Table class="oracle.dbtools.crest.model.design.relational.Table" directorySegmentName="seg_0" id="0A115D1F-79B1-4F27-9B59-0D5DAE4BF386" name="cards">
<createdBy>lucas</createdBy>
<createdTime>2022-05-22 19:58:32 UTC</createdTime>
<ownerDesignName>Fintech</ownerDesignName>
<ordsAlias>table_2</ordsAlias>
<allowColumnReorder>false</allowColumnReorder>
<existDependencyGenerateInDDl>true</existDependencyGenerateInDDl>
<parsed>true</parsed>
<columns itemClass="oracle.dbtools.crest.model.design.relational.Column">
<Column name="id" id="C88EBAD7-E683-49E5-7167-AA3C528FFB04">
<createdBy>lucas</createdBy>
<createdTime>2022-05-22 19:59:42 UTC</createdTime>
<ownerDesignName>Fintech</ownerDesignName>
<use>0</use>
<ownDataTypeParameters>,,</ownDataTypeParameters>
<autoIncrementCycle>false</autoIncrementCycle>
</Column>
<Column name="user_id" id="AF8ECE2B-E9D4-F2C9-7558-72A6767CD705">
<createdBy>lucas</createdBy>
<createdTime>2022-05-22 19:59:42 UTC</createdTime>
<ownerDesignName>Fintech</ownerDesignName>
<use>0</use>
<ownDataTypeParameters>,,</ownDataTypeParameters>
<autoIncrementCycle>false</autoIncrementCycle>
<associations>
<colAssociation fkAssociation="45EABA21-1A5B-C5FF-F4E5-FDA7C7E93E50" referredColumn="C728C100-C12E-4A6C-98AD-95DA0E7D4CB8"/>
</associations>
</Column>
<Column name="issuer_id" id="92402E9F-3A64-A1AB-6008-86245EE64D6C">
<createdBy>lucas</createdBy>
<createdTime>2022-05-22 20:03:42 UTC</createdTime>
<ownerDesignName>Fintech</ownerDesignName>
<use>0</use>
<ownDataTypeParameters>,,</ownDataTypeParameters>
<autoIncrementCycle>false</autoIncrementCycle>
<associations>
<colAssociation fkAssociation="DCAAAD0B-D9FB-6D5F-806F-79DB24F3A702" referredColumn="35A1747A-E697-F1CE-0E1F-F36A46E503E2"/>
</associations>
</Column>
<Column name="name" id="C8076CBD-967D-6AFE-E755-1602885397FA">
<createdBy>lucas</createdBy>
<createdTime>2022-05-22 19:59:42 UTC</createdTime>
<ownerDesignName>Fintech</ownerDesignName>
<use>0</use>
<ownDataTypeParameters>,,</ownDataTypeParameters>
<autoIncrementCycle>false</autoIncrementCycle>
</Column>
<Column name="type" id="D786386F-DF28-3427-B9B3-7D0843140AF0">
<createdBy>lucas</createdBy>
<createdTime>2022-05-22 19:59:42 UTC</createdTime>
<ownerDesignName>Fintech</ownerDesignName>
<use>0</use>
<ownDataTypeParameters>,,</ownDataTypeParameters>
<autoIncrementCycle>false</autoIncrementCycle>
</Column>
<Column name="token" id="85E5E35D-CD87-5C63-5AA1-E0B03E618131">
<createdBy>lucas</createdBy>
<createdTime>2022-05-22 19:59:42 UTC</createdTime>
<ownerDesignName>Fintech</ownerDesignName>
<use>0</use>
<ownDataTypeParameters>,,</ownDataTypeParameters>
<autoIncrementCycle>false</autoIncrementCycle>
</Column>
</columns>
<indexes itemClass="oracle.dbtools.crest.model.design.relational.Index">
<ind_PK_UK id="BBC1B4E6-C89C-43BA-FB83-2A8F982C2C9C" name="cards_PK">
<createdBy>lucas</createdBy>
<createdTime>2022-05-22 19:59:42 UTC</createdTime>
<ownerDesignName>Fintech</ownerDesignName>
<pk>true</pk>
<indexState>Primary Constraint</indexState>
<isSurrogateKey>false</isSurrogateKey>
<indexColumnUsage>
<colUsage columnID="C88EBAD7-E683-49E5-7167-AA3C528FFB04"/>
</indexColumnUsage>
</ind_PK_UK>
<ind_PK_UK id="6D057722-5027-FD2E-DE63-0D9A3BE2CFA7" name="cards_users_FK">
<createdBy>lucas</createdBy>
<createdTime>2022-05-22 20:00:02 UTC</createdTime>
<ownerDesignName>Fintech</ownerDesignName>
<indexState>Foreign Key</indexState>
<isSurrogateKey>false</isSurrogateKey>
<indexColumnUsage>
<colUsage columnID="AF8ECE2B-E9D4-F2C9-7558-72A6767CD705"/>
</indexColumnUsage>
</ind_PK_UK>
<ind_PK_UK id="A8C69DC4-5706-C593-DD1E-0D6CFB7479BD" name="cards_card_issuers_FK">
<createdBy>lucas</createdBy>
<createdTime>2022-05-22 20:03:50 UTC</createdTime>
<ownerDesignName>Fintech</ownerDesignName>
<indexState>Foreign Key</indexState>
<isSurrogateKey>false</isSurrogateKey>
<indexColumnUsage>
<colUsage columnID="92402E9F-3A64-A1AB-6008-86245EE64D6C"/>
</indexColumnUsage>
</ind_PK_UK>
</indexes>
</Table>