<?xml version = '1.0' encoding = 'UTF-8'?>
<Table class="oracle.dbtools.crest.model.design.relational.Table" directorySegmentName="seg_0" id="4D0571FF-3962-5FD4-6DCA-4FEC3AE68AD0" name="users">
<createdBy>lucas</createdBy>
<createdTime>2022-05-22 19:57:42 UTC</createdTime>
<ownerDesignName>Fintech</ownerDesignName>
<ordsAlias>table_1</ordsAlias>
<allowColumnReorder>false</allowColumnReorder>
<existDependencyGenerateInDDl>true</existDependencyGenerateInDDl>
<parsed>true</parsed>
<columns itemClass="oracle.dbtools.crest.model.design.relational.Column">
<Column name="id" id="C728C100-C12E-4A6C-98AD-95DA0E7D4CB8">
<createdBy>lucas</createdBy>
<createdTime>2022-05-22 19:58:27 UTC</createdTime>
<ownerDesignName>Fintech</ownerDesignName>
<use>0</use>
<ownDataTypeParameters>,,</ownDataTypeParameters>
<autoIncrementCycle>false</autoIncrementCycle>
</Column>
<Column name="firstname" id="9D611B53-2BF3-201D-9FE3-EA4643FAB44E">
<createdBy>lucas</createdBy>
<createdTime>2022-05-22 19:58:27 UTC</createdTime>
<ownerDesignName>Fintech</ownerDesignName>
<use>0</use>
<ownDataTypeParameters>,,</ownDataTypeParameters>
<autoIncrementCycle>false</autoIncrementCycle>
</Column>
<Column name="lastname" id="E8FA9A4C-B9B4-DAE4-84C4-562C8C369553">
<createdBy>lucas</createdBy>
<createdTime>2022-05-22 19:58:27 UTC</createdTime>
<ownerDesignName>Fintech</ownerDesignName>
<use>0</use>
<ownDataTypeParameters>,,</ownDataTypeParameters>
<autoIncrementCycle>false</autoIncrementCycle>
</Column>
<Column name="email" id="03A27D24-0A60-014F-E50D-FB6191EF865A">
<createdBy>lucas</createdBy>
<createdTime>2022-05-22 19:58:27 UTC</createdTime>
<ownerDesignName>Fintech</ownerDesignName>
<use>0</use>
<ownDataTypeParameters>,,</ownDataTypeParameters>
<autoIncrementCycle>false</autoIncrementCycle>
</Column>
</columns>
<indexes itemClass="oracle.dbtools.crest.model.design.relational.Index">
<ind_PK_UK id="E4A9ECDE-5F89-CD46-8C49-B16FEFB8F2DF" name="users_PK">
<createdBy>lucas</createdBy>
<createdTime>2022-05-22 19:58:27 UTC</createdTime>
<ownerDesignName>Fintech</ownerDesignName>
<pk>true</pk>
<indexState>Primary Constraint</indexState>
<isSurrogateKey>false</isSurrogateKey>
<indexColumnUsage>
<colUsage columnID="C728C100-C12E-4A6C-98AD-95DA0E7D4CB8"/>
</indexColumnUsage>
</ind_PK_UK>
</indexes>
</Table>