<?xml version = '1.0' encoding = 'UTF-8'?>
<Table class="oracle.dbtools.crest.model.design.relational.Table" directorySegmentName="seg_0" id="879E1FD3-CA87-24E5-4D4A-B9016C95B445" name="card_issuers">
<createdBy>lucas</createdBy>
<createdTime>2022-05-22 20:01:49 UTC</createdTime>
<ownerDesignName>Fintech</ownerDesignName>
<ordsAlias>table_5</ordsAlias>
<allowColumnReorder>false</allowColumnReorder>
<existDependencyGenerateInDDl>true</existDependencyGenerateInDDl>
<parsed>true</parsed>
<columns itemClass="oracle.dbtools.crest.model.design.relational.Column">
<Column name="id" id="35A1747A-E697-F1CE-0E1F-F36A46E503E2">
<createdBy>lucas</createdBy>
<createdTime>2022-05-22 20:03:23 UTC</createdTime>
<ownerDesignName>Fintech</ownerDesignName>
<use>0</use>
<ownDataTypeParameters>,,</ownDataTypeParameters>
<autoIncrementCycle>false</autoIncrementCycle>
</Column>
<Column name="name" id="DA188BBB-2CD3-4C9C-CAF3-46618A567945">
<createdBy>lucas</createdBy>
<createdTime>2022-05-22 20:03:23 UTC</createdTime>
<ownerDesignName>Fintech</ownerDesignName>
<use>0</use>
<ownDataTypeParameters>,,</ownDataTypeParameters>
<autoIncrementCycle>false</autoIncrementCycle>
</Column>
</columns>
<indexes itemClass="oracle.dbtools.crest.model.design.relational.Index">
<ind_PK_UK id="E9E2664D-9003-C8AF-0CD1-786D15B22F86" name="card_issuers_PK">
<createdBy>lucas</createdBy>
<createdTime>2022-05-22 20:03:23 UTC</createdTime>
<ownerDesignName>Fintech</ownerDesignName>
<pk>true</pk>
<indexState>Primary Constraint</indexState>
<isSurrogateKey>false</isSurrogateKey>
<indexColumnUsage>
<colUsage columnID="35A1747A-E697-F1CE-0E1F-F36A46E503E2"/>
</indexColumnUsage>
</ind_PK_UK>
</indexes>
</Table>