<?xml version = '1.0' encoding = 'UTF-8'?>
<Table class="oracle.dbtools.crest.model.design.relational.Table" directorySegmentName="seg_0" id="BD4793A1-1B24-7167-DCB7-628BB1D11C65" name="bank_accounts">
<createdBy>lucas</createdBy>
<createdTime>2022-05-22 20:00:15 UTC</createdTime>
<ownerDesignName>Fintech</ownerDesignName>
<ordsAlias>table_3</ordsAlias>
<allowColumnReorder>false</allowColumnReorder>
<existDependencyGenerateInDDl>true</existDependencyGenerateInDDl>
<parsed>true</parsed>
<columns itemClass="oracle.dbtools.crest.model.design.relational.Column">
<Column name="id" id="DDA7E3A1-8AEE-F36C-4FD0-8A856B7A1805">
<createdBy>lucas</createdBy>
<createdTime>2022-05-22 20:00:57 UTC</createdTime>
<ownerDesignName>Fintech</ownerDesignName>
<use>0</use>
<ownDataTypeParameters>,,</ownDataTypeParameters>
<autoIncrementCycle>false</autoIncrementCycle>
</Column>
<Column name="user_id" id="0810C740-524D-6B36-3C15-2FDD7EB80AA2">
<createdBy>lucas</createdBy>
<createdTime>2022-05-22 20:00:57 UTC</createdTime>
<ownerDesignName>Fintech</ownerDesignName>
<use>0</use>
<ownDataTypeParameters>,,</ownDataTypeParameters>
<autoIncrementCycle>false</autoIncrementCycle>
<associations>
<colAssociation fkAssociation="9D6E3C2E-B04A-AF86-2AA9-AAC2A412C649" referredColumn="C728C100-C12E-4A6C-98AD-95DA0E7D4CB8"/>
</associations>
</Column>
<Column name="bank_id" id="09F087DE-522D-ADDC-F100-524847CA93D6">
<createdBy>lucas</createdBy>
<createdTime>2022-05-22 20:00:57 UTC</createdTime>
<ownerDesignName>Fintech</ownerDesignName>
<use>0</use>
<ownDataTypeParameters>,,</ownDataTypeParameters>
<autoIncrementCycle>false</autoIncrementCycle>
<associations>
<colAssociation fkAssociation="2907E4B0-895B-AD77-7460-1A266D71AA3F" referredColumn="7F1B038E-5EA6-5313-124C-7573F8A445A6"/>
</associations>
</Column>
<Column name="name" id="FA982535-4051-3B4C-0FCE-B8D7DE217079">
<createdBy>lucas</createdBy>
<createdTime>2022-05-22 20:00:57 UTC</createdTime>
<ownerDesignName>Fintech</ownerDesignName>
<use>0</use>
<ownDataTypeParameters>,,</ownDataTypeParameters>
<autoIncrementCycle>false</autoIncrementCycle>
</Column>
<Column name="token" id="57E41AC0-56DE-ECD0-E067-4A6FCF32835E">
<createdBy>lucas</createdBy>
<createdTime>2022-05-22 20:00:57 UTC</createdTime>
<ownerDesignName>Fintech</ownerDesignName>
<use>0</use>
<ownDataTypeParameters>,,</ownDataTypeParameters>
<autoIncrementCycle>false</autoIncrementCycle>
</Column>
</columns>
<indexes itemClass="oracle.dbtools.crest.model.design.relational.Index">
<ind_PK_UK id="A0181FE3-2CAC-52B4-EDE9-FE4E427B3F04" name="bank_accounts_PK">
<createdBy>lucas</createdBy>
<createdTime>2022-05-22 20:00:57 UTC</createdTime>
<ownerDesignName>Fintech</ownerDesignName>
<pk>true</pk>
<indexState>Primary Constraint</indexState>
<isSurrogateKey>false</isSurrogateKey>
<indexColumnUsage>
<colUsage columnID="DDA7E3A1-8AEE-F36C-4FD0-8A856B7A1805"/>
</indexColumnUsage>
</ind_PK_UK>
<ind_PK_UK id="005907AD-E4A7-09A9-6D93-D1CD73FB8AD6" name="bank_accounts_users_FK">
<createdBy>lucas</createdBy>
<createdTime>2022-05-22 20:01:07 UTC</createdTime>
<ownerDesignName>Fintech</ownerDesignName>
<indexState>Foreign Key</indexState>
<isSurrogateKey>false</isSurrogateKey>
<indexColumnUsage>
<colUsage columnID="0810C740-524D-6B36-3C15-2FDD7EB80AA2"/>
</indexColumnUsage>
</ind_PK_UK>
<ind_PK_UK id="40F43187-AAEF-0378-D307-6D333DFC68B2" name="bank_accounts_banks_FK">
<createdBy>lucas</createdBy>
<createdTime>2022-05-22 20:01:47 UTC</createdTime>
<ownerDesignName>Fintech</ownerDesignName>
<indexState>Foreign Key</indexState>
<isSurrogateKey>false</isSurrogateKey>
<indexColumnUsage>
<colUsage columnID="09F087DE-522D-ADDC-F100-524847CA93D6"/>
</indexColumnUsage>
</ind_PK_UK>
</indexes>
</Table>