<?xml version = '1.0' encoding = 'UTF-8'?>
<Table class="oracle.dbtools.crest.model.design.relational.Table" directorySegmentName="seg_0" id="E2E1DB80-F767-2710-EB9C-76DC6E6D7284" name="events">
<createdBy>lucas</createdBy>
<createdTime>2022-05-22 20:05:42 UTC</createdTime>
<ownerDesignName>Fintech</ownerDesignName>
<ordsAlias>table_8</ordsAlias>
<allowColumnReorder>false</allowColumnReorder>
<existDependencyGenerateInDDl>true</existDependencyGenerateInDDl>
<parsed>true</parsed>
<columns itemClass="oracle.dbtools.crest.model.design.relational.Column">
<Column name="id" id="91BF94CC-EC18-0099-2781-C4C4942D04CB">
<createdBy>lucas</createdBy>
<createdTime>2022-05-22 20:06:39 UTC</createdTime>
<ownerDesignName>Fintech</ownerDesignName>
<use>0</use>
<ownDataTypeParameters>,,</ownDataTypeParameters>
<autoIncrementCycle>false</autoIncrementCycle>
</Column>
<Column name="user_id" id="0F3C0702-2198-14E8-A50B-4BD1FEB929FB">
<createdBy>lucas</createdBy>
<createdTime>2022-05-22 20:06:39 UTC</createdTime>
<ownerDesignName>Fintech</ownerDesignName>
<use>0</use>
<ownDataTypeParameters>,,</ownDataTypeParameters>
<autoIncrementCycle>false</autoIncrementCycle>
<associations>
<colAssociation fkAssociation="10B0D021-5A71-1C09-AC4C-A4EC053127FB" referredColumn="C728C100-C12E-4A6C-98AD-95DA0E7D4CB8"/>
</associations>
</Column>
<Column name="creator_id" id="DB68DF04-9E25-3FE2-5078-5D1C7D7F9C9D">
<createdBy>lucas</createdBy>
<createdTime>2022-05-22 20:06:39 UTC</createdTime>
<ownerDesignName>Fintech</ownerDesignName>
<use>0</use>
<ownDataTypeParameters>,,</ownDataTypeParameters>
<autoIncrementCycle>false</autoIncrementCycle>
<associations>
<colAssociation fkAssociation="450D16A6-2108-9967-07F1-39F34B2613AF" referredColumn="C88EBAD7-E683-49E5-7167-AA3C528FFB04"/>
<colAssociation fkAssociation="B5DD98F6-E484-0C94-82D8-D3448055D87C" referredColumn="DDA7E3A1-8AEE-F36C-4FD0-8A856B7A1805"/>
</associations>
</Column>
<Column name="type" id="1D7F7B91-72AD-A0AA-FB68-D1EE5852BC08">
<createdBy>lucas</createdBy>
<createdTime>2022-05-22 20:06:39 UTC</createdTime>
<ownerDesignName>Fintech</ownerDesignName>
<use>0</use>
<ownDataTypeParameters>,,</ownDataTypeParameters>
<autoIncrementCycle>false</autoIncrementCycle>
</Column>
<Column name="created_at" id="486D8B22-ACE5-1CF2-3CDB-843837E83782">
<createdBy>lucas</createdBy>
<createdTime>2022-05-22 20:06:39 UTC</createdTime>
<ownerDesignName>Fintech</ownerDesignName>
<use>0</use>
<ownDataTypeParameters>,,</ownDataTypeParameters>
<autoIncrementCycle>false</autoIncrementCycle>
</Column>
</columns>
<indexes itemClass="oracle.dbtools.crest.model.design.relational.Index">
<ind_PK_UK id="03964A73-4B03-259B-F880-07541628949A" name="events_PK">
<createdBy>lucas</createdBy>
<createdTime>2022-05-22 20:06:39 UTC</createdTime>
<ownerDesignName>Fintech</ownerDesignName>
<pk>true</pk>
<indexState>Primary Constraint</indexState>
<isSurrogateKey>false</isSurrogateKey>
<indexColumnUsage>
<colUsage columnID="91BF94CC-EC18-0099-2781-C4C4942D04CB"/>
</indexColumnUsage>
</ind_PK_UK>
<ind_PK_UK id="5371AE3F-16BE-8AB1-9C7F-EA6842AA0615" name="events_users_FK">
<createdBy>lucas</createdBy>
<createdTime>2022-05-22 20:07:31 UTC</createdTime>
<ownerDesignName>Fintech</ownerDesignName>
<indexState>Foreign Key</indexState>
<isSurrogateKey>false</isSurrogateKey>
<indexColumnUsage>
<colUsage columnID="0F3C0702-2198-14E8-A50B-4BD1FEB929FB"/>
</indexColumnUsage>
</ind_PK_UK>
<ind_PK_UK id="79122CAD-F43B-66CA-CBB0-69A2C409AA4D" name="events_cards_FK">
<createdBy>lucas</createdBy>
<createdTime>2022-05-22 20:07:31 UTC</createdTime>
<ownerDesignName>Fintech</ownerDesignName>
<indexState>Foreign Key</indexState>
<isSurrogateKey>false</isSurrogateKey>
<indexColumnUsage>
<colUsage columnID="DB68DF04-9E25-3FE2-5078-5D1C7D7F9C9D"/>
</indexColumnUsage>
</ind_PK_UK>
<ind_PK_UK id="F637F85A-81C3-8449-4622-120F52819BF8" name="events_bank_accounts_FK">
<createdBy>lucas</createdBy>
<createdTime>2022-05-22 20:07:31 UTC</createdTime>
<ownerDesignName>Fintech</ownerDesignName>
<indexState>Foreign Key</indexState>
<isSurrogateKey>false</isSurrogateKey>
<indexColumnUsage>
<colUsage columnID="DB68DF04-9E25-3FE2-5078-5D1C7D7F9C9D"/>
</indexColumnUsage>
</ind_PK_UK>
</indexes>
</Table>