<?xml version = '1.0' encoding = 'UTF-8'?>
<Table class="oracle.dbtools.crest.model.design.relational.Table" directorySegmentName="seg_0" id="F3F6786E-B602-1871-9ED7-6B802146648E" name="banks">
<createdBy>lucas</createdBy>
<createdTime>2022-05-22 20:01:09 UTC</createdTime>
<ownerDesignName>Fintech</ownerDesignName>
<ordsAlias>table_4</ordsAlias>
<allowColumnReorder>false</allowColumnReorder>
<existDependencyGenerateInDDl>true</existDependencyGenerateInDDl>
<parsed>true</parsed>
<columns itemClass="oracle.dbtools.crest.model.design.relational.Column">
<Column name="id" id="7F1B038E-5EA6-5313-124C-7573F8A445A6">
<createdBy>lucas</createdBy>
<createdTime>2022-05-22 20:01:32 UTC</createdTime>
<ownerDesignName>Fintech</ownerDesignName>
<use>0</use>
<ownDataTypeParameters>,,</ownDataTypeParameters>
<autoIncrementCycle>false</autoIncrementCycle>
</Column>
<Column name="name" id="159F4684-2327-16BC-A15F-889338284CDE">
<createdBy>lucas</createdBy>
<createdTime>2022-05-22 20:01:32 UTC</createdTime>
<ownerDesignName>Fintech</ownerDesignName>
<use>0</use>
<ownDataTypeParameters>,,</ownDataTypeParameters>
<autoIncrementCycle>false</autoIncrementCycle>
</Column>
</columns>
<indexes itemClass="oracle.dbtools.crest.model.design.relational.Index">
<ind_PK_UK id="7BD8C33B-B24D-A8B9-2EE4-E0EF578E78B6" name="banks_PK">
<createdBy>lucas</createdBy>
<createdTime>2022-05-22 20:01:32 UTC</createdTime>
<ownerDesignName>Fintech</ownerDesignName>
<pk>true</pk>
<indexState>Primary Constraint</indexState>
<isSurrogateKey>false</isSurrogateKey>
<indexColumnUsage>
<colUsage columnID="7F1B038E-5EA6-5313-124C-7573F8A445A6"/>
</indexColumnUsage>
</ind_PK_UK>
</indexes>
</Table>