<?xml version = '1.0' encoding = 'UTF-8'?>
<Table class="oracle.dbtools.crest.model.design.relational.Table" directorySegmentName="seg_0" id="3FF6D3CF-2F0A-304F-FD0F-F964F5194670" name="contacts">
<createdBy>lucas</createdBy>
<createdTime>2022-05-15 20:29:45 UTC</createdTime>
<ownerDesignName>ContactBooks</ownerDesignName>
<ordsAlias>table_4</ordsAlias>
<allowColumnReorder>false</allowColumnReorder>
<existDependencyGenerateInDDl>true</existDependencyGenerateInDDl>
<parsed>true</parsed>
<columns itemClass="oracle.dbtools.crest.model.design.relational.Column">
<Column name="id" id="56A20A9C-764B-1419-04CA-C89F8180974F">
<createdBy>lucas</createdBy>
<createdTime>2022-05-15 20:32:46 UTC</createdTime>
<ownerDesignName>ContactBooks</ownerDesignName>
<use>0</use>
<ownDataTypeParameters>,,</ownDataTypeParameters>
<autoIncrementCycle>false</autoIncrementCycle>
</Column>
<Column name="contact_books_id" id="A4DAB4A5-6325-E48A-0BC1-796D2C4A2780">
<createdBy>lucas</createdBy>
<createdTime>2022-05-15 20:32:46 UTC</createdTime>
<ownerDesignName>ContactBooks</ownerDesignName>
<use>0</use>
<ownDataTypeParameters>,,</ownDataTypeParameters>
<autoIncrementCycle>false</autoIncrementCycle>
<associations>
<colAssociation fkAssociation="7231DAC0-3A79-FB00-C266-71FBD20D054C" referredColumn="82336242-E0D9-F6C8-3AE3-D4239A727002"/>
</associations>
</Column>
<Column name="firstname" id="D5505F31-BC26-98CC-5D3C-B0446E13B052">
<createdBy>lucas</createdBy>
<createdTime>2022-05-15 20:32:46 UTC</createdTime>
<ownerDesignName>ContactBooks</ownerDesignName>
<use>0</use>
<ownDataTypeParameters>,,</ownDataTypeParameters>
<autoIncrementCycle>false</autoIncrementCycle>
</Column>
<Column name="lastname" id="BE9729C7-0755-1FE6-EE61-55CE99AA0355">
<createdBy>lucas</createdBy>
<createdTime>2022-05-15 20:32:46 UTC</createdTime>
<ownerDesignName>ContactBooks</ownerDesignName>
<use>0</use>
<ownDataTypeParameters>,,</ownDataTypeParameters>
<autoIncrementCycle>false</autoIncrementCycle>
</Column>
<Column name="notes" id="3773D610-06AC-CB50-643E-E1F45CF6DC49">
<createdBy>lucas</createdBy>
<createdTime>2022-05-15 20:32:46 UTC</createdTime>
<ownerDesignName>ContactBooks</ownerDesignName>
<nullsAllowed>true</nullsAllowed>
<use>0</use>
<ownDataTypeParameters>,,</ownDataTypeParameters>
<autoIncrementCycle>false</autoIncrementCycle>
</Column>
</columns>
<indexes itemClass="oracle.dbtools.crest.model.design.relational.Index">
<ind_PK_UK id="5FA11CE9-7262-6469-3F1E-86AF30963B9D" name="contacts_PK">
<createdBy>lucas</createdBy>
<createdTime>2022-05-15 20:32:46 UTC</createdTime>
<ownerDesignName>ContactBooks</ownerDesignName>
<pk>true</pk>
<indexState>Primary Constraint</indexState>
<isSurrogateKey>false</isSurrogateKey>
<indexColumnUsage>
<colUsage columnID="56A20A9C-764B-1419-04CA-C89F8180974F"/>
</indexColumnUsage>
</ind_PK_UK>
<ind_PK_UK id="D71E2FDF-6760-57B1-F927-EC8E8566D5BF" name="contacts_contact_books_FK">
<createdBy>lucas</createdBy>
<createdTime>2022-05-15 20:34:58 UTC</createdTime>
<ownerDesignName>ContactBooks</ownerDesignName>
<indexState>Foreign Key</indexState>
<isSurrogateKey>false</isSurrogateKey>
<indexColumnUsage>
<colUsage columnID="A4DAB4A5-6325-E48A-0BC1-796D2C4A2780"/>
</indexColumnUsage>
</ind_PK_UK>
</indexes>
</Table>