<?xml version = '1.0' encoding = 'UTF-8'?>
<Table class="oracle.dbtools.crest.model.design.relational.Table" directorySegmentName="seg_0" id="40462ABE-FB26-EAF4-9781-F34BE95DEA23" name="emails">
<createdBy>lucas</createdBy>
<createdTime>2022-05-15 20:35:09 UTC</createdTime>
<ownerDesignName>ContactBooks</ownerDesignName>
<ordsAlias>table_6</ordsAlias>
<allowColumnReorder>false</allowColumnReorder>
<existDependencyGenerateInDDl>true</existDependencyGenerateInDDl>
<parsed>true</parsed>
<columns itemClass="oracle.dbtools.crest.model.design.relational.Column">
<Column name="id" id="4B1193B8-2AB3-6DE6-8EDF-7926B97B318E">
<createdBy>lucas</createdBy>
<createdTime>2022-05-15 20:35:20 UTC</createdTime>
<ownerDesignName>ContactBooks</ownerDesignName>
<use>0</use>
<ownDataTypeParameters>,,</ownDataTypeParameters>
<autoIncrementCycle>false</autoIncrementCycle>
</Column>
<Column name="contacts_id" id="826957FC-2629-A878-29D0-CC372FE2377A">
<createdBy>lucas</createdBy>
<createdTime>2022-05-15 20:35:27 UTC</createdTime>
<ownerDesignName>ContactBooks</ownerDesignName>
<use>0</use>
<ownDataTypeParameters>,,</ownDataTypeParameters>
<autoIncrementCycle>false</autoIncrementCycle>
<associations>
<colAssociation fkAssociation="8C4F5585-C9E7-F93B-8FC0-892B4F3F7AF0" referredColumn="56A20A9C-764B-1419-04CA-C89F8180974F"/>
</associations>
</Column>
<Column name="address" id="0570BCC1-0AC4-24F1-08FA-4BAE64652263">
<createdBy>lucas</createdBy>
<createdTime>2022-05-15 20:35:35 UTC</createdTime>
<ownerDesignName>ContactBooks</ownerDesignName>
<use>0</use>
<ownDataTypeParameters>,,</ownDataTypeParameters>
<autoIncrementCycle>false</autoIncrementCycle>
</Column>
<Column name="type" id="CDE9D003-08F7-2CB4-3A21-6CC11C060505">
<createdBy>lucas</createdBy>
<createdTime>2022-05-15 20:35:41 UTC</createdTime>
<ownerDesignName>ContactBooks</ownerDesignName>
<use>0</use>
<ownDataTypeParameters>,,</ownDataTypeParameters>
<autoIncrementCycle>false</autoIncrementCycle>
</Column>
</columns>
<indexes itemClass="oracle.dbtools.crest.model.design.relational.Index">
<ind_PK_UK id="DE3E587B-5136-24FF-66B9-ADD48BB44EA7" name="emails_PK">
<createdBy>lucas</createdBy>
<createdTime>2022-05-15 20:35:20 UTC</createdTime>
<ownerDesignName>ContactBooks</ownerDesignName>
<pk>true</pk>
<indexState>Primary Constraint</indexState>
<isSurrogateKey>false</isSurrogateKey>
<indexColumnUsage>
<colUsage columnID="4B1193B8-2AB3-6DE6-8EDF-7926B97B318E"/>
</indexColumnUsage>
</ind_PK_UK>
<ind_PK_UK id="9A1F0722-1FCB-F567-A042-1FF54BD5CD4F" name="emails_contacts_FK">
<createdBy>lucas</createdBy>
<createdTime>2022-05-15 20:35:55 UTC</createdTime>
<ownerDesignName>ContactBooks</ownerDesignName>
<indexState>Foreign Key</indexState>
<isSurrogateKey>false</isSurrogateKey>
<indexColumnUsage>
<colUsage columnID="826957FC-2629-A878-29D0-CC372FE2377A"/>
</indexColumnUsage>
</ind_PK_UK>
</indexes>
</Table>