<?xml version = '1.0' encoding = 'UTF-8'?>
<Table class="oracle.dbtools.crest.model.design.relational.Table" directorySegmentName="seg_0" id="73CB2403-6ABC-08CD-E584-627EAF057748" name="phones">
<createdBy>lucas</createdBy>
<createdTime>2022-05-15 20:32:55 UTC</createdTime>
<ownerDesignName>ContactBooks</ownerDesignName>
<ordsAlias>table_5</ordsAlias>
<allowColumnReorder>false</allowColumnReorder>
<existDependencyGenerateInDDl>true</existDependencyGenerateInDDl>
<parsed>true</parsed>
<columns itemClass="oracle.dbtools.crest.model.design.relational.Column">
<Column name="id" id="9C3804FC-0C39-D85B-5273-2C9A2C1E1FF8">
<createdBy>lucas</createdBy>
<createdTime>2022-05-15 20:33:53 UTC</createdTime>
<ownerDesignName>ContactBooks</ownerDesignName>
<use>0</use>
<ownDataTypeParameters>,,</ownDataTypeParameters>
<autoIncrementCycle>false</autoIncrementCycle>
</Column>
<Column name="contacts_id" id="15861D79-382B-B26D-0C64-28FB160C6FD1">
<createdBy>lucas</createdBy>
<createdTime>2022-05-15 20:33:53 UTC</createdTime>
<ownerDesignName>ContactBooks</ownerDesignName>
<use>0</use>
<ownDataTypeParameters>,,</ownDataTypeParameters>
<autoIncrementCycle>false</autoIncrementCycle>
<associations>
<colAssociation fkAssociation="0C813D26-0CDF-A7B7-148E-892CB8C4BF04" referredColumn="56A20A9C-764B-1419-04CA-C89F8180974F"/>
</associations>
</Column>
<Column name="number" id="34F8589C-5704-A9A1-D5C6-2C79DDC62C5E">
<createdBy>lucas</createdBy>
<createdTime>2022-05-15 20:33:53 UTC</createdTime>
<ownerDesignName>ContactBooks</ownerDesignName>
<use>0</use>
<ownDataTypeParameters>,,</ownDataTypeParameters>
<autoIncrementCycle>false</autoIncrementCycle>
</Column>
<Column name="type" id="07196F56-14CB-CA5A-90C0-27B103999E12">
<createdBy>lucas</createdBy>
<createdTime>2022-05-15 20:33:53 UTC</createdTime>
<ownerDesignName>ContactBooks</ownerDesignName>
<use>0</use>
<ownDataTypeParameters>,,</ownDataTypeParameters>
<autoIncrementCycle>false</autoIncrementCycle>
</Column>
</columns>
<indexes itemClass="oracle.dbtools.crest.model.design.relational.Index">
<ind_PK_UK id="37D5DA32-0943-B878-F1F7-BA5F4BE95783" name="phones_PK">
<createdBy>lucas</createdBy>
<createdTime>2022-05-15 20:33:53 UTC</createdTime>
<ownerDesignName>ContactBooks</ownerDesignName>
<pk>true</pk>
<indexState>Primary Constraint</indexState>
<isSurrogateKey>false</isSurrogateKey>
<indexColumnUsage>
<colUsage columnID="9C3804FC-0C39-D85B-5273-2C9A2C1E1FF8"/>
</indexColumnUsage>
</ind_PK_UK>
<ind_PK_UK id="5BC6FD0B-6E68-8DF9-4AD9-FC7611E077B2" name="phones_contacts_FK">
<createdBy>lucas</createdBy>
<createdTime>2022-05-15 20:34:20 UTC</createdTime>
<ownerDesignName>ContactBooks</ownerDesignName>
<indexState>Foreign Key</indexState>
<isSurrogateKey>false</isSurrogateKey>
<indexColumnUsage>
<colUsage columnID="15861D79-382B-B26D-0C64-28FB160C6FD1"/>
</indexColumnUsage>
</ind_PK_UK>
</indexes>
</Table>