<?xml version = '1.0' encoding = 'UTF-8'?>
<Table class="oracle.dbtools.crest.model.design.relational.Table" directorySegmentName="seg_0" id="B1148CA7-21F7-F790-D1CE-DF8048111263" name="contact_books">
<createdBy>lucas</createdBy>
<createdTime>2022-05-15 20:22:41 UTC</createdTime>
<ownerDesignName>ContactBooks</ownerDesignName>
<ordsAlias>table_1</ordsAlias>
<allowColumnReorder>false</allowColumnReorder>
<existDependencyGenerateInDDl>true</existDependencyGenerateInDDl>
<parsed>true</parsed>
<columns itemClass="oracle.dbtools.crest.model.design.relational.Column">
<Column name="id" id="82336242-E0D9-F6C8-3AE3-D4239A727002">
<createdBy>lucas</createdBy>
<createdTime>2022-05-15 20:25:02 UTC</createdTime>
<ownerDesignName>ContactBooks</ownerDesignName>
<use>0</use>
<ownDataTypeParameters>,,</ownDataTypeParameters>
<autoIncrementCycle>false</autoIncrementCycle>
</Column>
<Column name="owner_id" id="CA543214-6891-280C-8963-16E17B9086D0">
<createdBy>lucas</createdBy>
<createdTime>2022-05-15 20:25:02 UTC</createdTime>
<ownerDesignName>ContactBooks</ownerDesignName>
<use>0</use>
<ownDataTypeParameters>,,</ownDataTypeParameters>
<autoIncrementCycle>false</autoIncrementCycle>
<associations>
<colAssociation fkAssociation="1FD3E8C6-2CF6-4FA2-6B1B-7A2FF95C9CF4" referredColumn="DDEB3EB6-E4CE-E05E-A834-3762FE835CCC"/>
</associations>
</Column>
<Column name="name" id="412B0115-42DB-6912-7C35-EF33240FA863">
<createdBy>lucas</createdBy>
<createdTime>2022-05-15 20:25:02 UTC</createdTime>
<ownerDesignName>ContactBooks</ownerDesignName>
<use>0</use>
<ownDataTypeParameters>,,</ownDataTypeParameters>
<autoIncrementCycle>false</autoIncrementCycle>
</Column>
</columns>
<indexes itemClass="oracle.dbtools.crest.model.design.relational.Index">
<ind_PK_UK id="00102FB0-C40D-DE34-AD21-73010A0022E4" name="contact_books_PK">
<createdBy>lucas</createdBy>
<createdTime>2022-05-15 20:25:02 UTC</createdTime>
<ownerDesignName>ContactBooks</ownerDesignName>
<pk>true</pk>
<indexState>Primary Constraint</indexState>
<isSurrogateKey>false</isSurrogateKey>
<indexColumnUsage>
<colUsage columnID="82336242-E0D9-F6C8-3AE3-D4239A727002"/>
</indexColumnUsage>
</ind_PK_UK>
<ind_PK_UK id="663C208D-EBD4-514E-E180-FC1DB599572B" name="contact_books_owners_FK">
<createdBy>lucas</createdBy>
<createdTime>2022-05-15 20:29:27 UTC</createdTime>
<ownerDesignName>ContactBooks</ownerDesignName>
<indexState>Foreign Key</indexState>
<isSurrogateKey>false</isSurrogateKey>
<indexColumnUsage>
<colUsage columnID="CA543214-6891-280C-8963-16E17B9086D0"/>
</indexColumnUsage>
</ind_PK_UK>
</indexes>
</Table>