<?xml version = '1.0' encoding = 'UTF-8'?>
<Table class="oracle.dbtools.crest.model.design.relational.Table" directorySegmentName="seg_0" id="B6F324D3-4ADD-2097-1D48-D95272F0C82C" name="owners">
<createdBy>lucas</createdBy>
<createdTime>2022-05-15 20:25:11 UTC</createdTime>
<ownerDesignName>ContactBooks</ownerDesignName>
<ordsAlias>table_2</ordsAlias>
<allowColumnReorder>false</allowColumnReorder>
<existDependencyGenerateInDDl>true</existDependencyGenerateInDDl>
<parsed>true</parsed>
<columns itemClass="oracle.dbtools.crest.model.design.relational.Column">
<Column name="id" id="DDEB3EB6-E4CE-E05E-A834-3762FE835CCC">
<createdBy>lucas</createdBy>
<createdTime>2022-05-15 20:25:48 UTC</createdTime>
<ownerDesignName>ContactBooks</ownerDesignName>
<use>0</use>
<ownDataTypeParameters>,,</ownDataTypeParameters>
<autoIncrementCycle>false</autoIncrementCycle>
</Column>
<Column name="firstname" id="24C91842-9E46-FD7A-4628-983EBDB19FBA">
<createdBy>lucas</createdBy>
<createdTime>2022-05-15 20:25:48 UTC</createdTime>
<ownerDesignName>ContactBooks</ownerDesignName>
<nullsAllowed>true</nullsAllowed>
<use>0</use>
<ownDataTypeParameters>,,</ownDataTypeParameters>
<autoIncrementCycle>false</autoIncrementCycle>
</Column>
<Column name="lastname" id="5CC022CD-1F71-914A-7DD2-A01E97282CF8">
<createdBy>lucas</createdBy>
<createdTime>2022-05-15 20:25:48 UTC</createdTime>
<ownerDesignName>ContactBooks</ownerDesignName>
<nullsAllowed>true</nullsAllowed>
<use>0</use>
<ownDataTypeParameters>,,</ownDataTypeParameters>
<autoIncrementCycle>false</autoIncrementCycle>
</Column>
</columns>
<indexes itemClass="oracle.dbtools.crest.model.design.relational.Index">
<ind_PK_UK id="0D27E53F-9F3D-F9B0-1F2D-9E0C4C242B9A" name="owners_PK">
<createdBy>lucas</createdBy>
<createdTime>2022-05-15 20:25:48 UTC</createdTime>
<ownerDesignName>ContactBooks</ownerDesignName>
<pk>true</pk>
<indexState>Primary Constraint</indexState>
<isSurrogateKey>false</isSurrogateKey>
<indexColumnUsage>
<colUsage columnID="DDEB3EB6-E4CE-E05E-A834-3762FE835CCC"/>
</indexColumnUsage>
</ind_PK_UK>
</indexes>
</Table>