<?xml version = '1.0' encoding = 'UTF-8'?>
<Diagram class="oracle.dbtools.crest.swingui.relational.DPVRelational" name="Fintech" id="F6AD27C6-5E90-86E8-48E9-9FE31FD2AEF3">
<createdBy>lucas</createdBy>
<modifiedBy>lucas</modifiedBy>
<createdTime>2022-05-22 19:57:13 UTC</createdTime>
<autoRoute>false</autoRoute>
<boxInbox>true</boxInbox>
<showLegend>false</showLegend>
<showLabels>false</showLabels>
<showRelAttributes>false</showRelAttributes>
<gridEnabled>false</gridEnabled>
<showGrid>false</showGrid>
<diagramColor>-1</diagramColor>
<display>false</display>
<notation>1</notation>
<objectViews>
<OView class="oracle.dbtools.crest.swingui.relational.TVTable" oid="0A115D1F-79B1-4F27-9B59-0D5DAE4BF386" otype="Table" vid="6558D304-1112-3AE2-6B11-4EC6895EC096">
<hideElementsInCurrentOnly>false</hideElementsInCurrentOnly>
<bounds x="43" y="191" width="199" height="168"/>
</OView>
<OView class="oracle.dbtools.crest.swingui.relational.TVTable" oid="4D0571FF-3962-5FD4-6DCA-4FEC3AE68AD0" otype="Table" vid="FE37F152-64EE-19D1-EE52-C0F35F30E9BD">
<hideElementsInCurrentOnly>false</hideElementsInCurrentOnly>
<bounds x="42" y="33" width="199" height="103"/>
</OView>
<OView class="oracle.dbtools.crest.swingui.relational.TVTable" oid="879E1FD3-CA87-24E5-4D4A-B9016C95B445" otype="Table" vid="278735EC-F211-B729-42E6-1DB03A1789DB">
<hideElementsInCurrentOnly>false</hideElementsInCurrentOnly>
<bounds x="43" y="399" width="199" height="77"/>
</OView>
<OView class="oracle.dbtools.crest.swingui.relational.TVTable" oid="BD4793A1-1B24-7167-DCB7-628BB1D11C65" otype="Table" vid="75649589-0667-1F8B-EB48-5F190F071050">
<hideElementsInCurrentOnly>false</hideElementsInCurrentOnly>
<bounds x="373" y="219" width="225" height="152"/>
</OView>
<OView class="oracle.dbtools.crest.swingui.relational.TVTable" oid="E2E1DB80-F767-2710-EB9C-76DC6E6D7284" otype="Table" vid="8A198EDF-FE1B-F1E9-CFD4-E59ED9E5342F">
<hideElementsInCurrentOnly>false</hideElementsInCurrentOnly>
<bounds x="373" y="32" width="225" height="170"/>
</OView>
<OView class="oracle.dbtools.crest.swingui.relational.TVTable" oid="F3F6786E-B602-1871-9ED7-6B802146648E" otype="Table" vid="346D225A-4D14-404D-2B1B-798DAC31A4EC">
<hideElementsInCurrentOnly>false</hideElementsInCurrentOnly>
<bounds x="373" y="394" width="226" height="76"/>
</OView>
</objectViews>
<connectors>
<Connector class="oracle.dbtools.crest.swingui.relational.TVFKRelation" oid="10B0D021-5A71-1C09-AC4C-A4EC053127FB" otype="FKIndexAssociation" vid_source="FE37F152-64EE-19D1-EE52-C0F35F30E9BD" vid_target="8A198EDF-FE1B-F1E9-CFD4-E59ED9E5342F">
<hideElementsInCurrentOnly>false</hideElementsInCurrentOnly>
<backgroundColor>-16777216</backgroundColor>
<lineWidth>1</lineWidth>
<points>
<point x="241" y="84"/>
<point x="373" y="84"/>
</points>
</Connector>
<Connector class="oracle.dbtools.crest.swingui.relational.TVFKRelation" oid="2907E4B0-895B-AD77-7460-1A266D71AA3F" otype="FKIndexAssociation" vid_source="346D225A-4D14-404D-2B1B-798DAC31A4EC" vid_target="75649589-0667-1F8B-EB48-5F190F071050">
<hideElementsInCurrentOnly>false</hideElementsInCurrentOnly>
<backgroundColor>-16777216</backgroundColor>
<lineWidth>1</lineWidth>
<points>
<point x="485" y="394"/>
<point x="485" y="371"/>
</points>
</Connector>
<Connector class="oracle.dbtools.crest.swingui.relational.TVFKRelation" oid="450D16A6-2108-9967-07F1-39F34B2613AF" otype="FKIndexAssociation" vid_source="6558D304-1112-3AE2-6B11-4EC6895EC096" vid_target="8A198EDF-FE1B-F1E9-CFD4-E59ED9E5342F">
<hideElementsInCurrentOnly>false</hideElementsInCurrentOnly>
<backgroundColor>-16777216</backgroundColor>
<lineWidth>1</lineWidth>
<points>
<point x="242" y="196"/>
<point x="373" y="196"/>
</points>
</Connector>
<Connector class="oracle.dbtools.crest.swingui.relational.TVFKRelation" oid="45EABA21-1A5B-C5FF-F4E5-FDA7C7E93E50" otype="FKIndexAssociation" vid_source="FE37F152-64EE-19D1-EE52-C0F35F30E9BD" vid_target="6558D304-1112-3AE2-6B11-4EC6895EC096">
<hideElementsInCurrentOnly>false</hideElementsInCurrentOnly>
<backgroundColor>-16777216</backgroundColor>
<lineWidth>1</lineWidth>
<points>
<point x="142" y="136"/>
<point x="142" y="191"/>
</points>
</Connector>
<Connector class="oracle.dbtools.crest.swingui.relational.TVFKRelation" oid="9D6E3C2E-B04A-AF86-2AA9-AAC2A412C649" otype="FKIndexAssociation" vid_source="FE37F152-64EE-19D1-EE52-C0F35F30E9BD" vid_target="75649589-0667-1F8B-EB48-5F190F071050">
<hideElementsInCurrentOnly>false</hideElementsInCurrentOnly>
<backgroundColor>-16777216</backgroundColor>
<lineWidth>1</lineWidth>
<points>
<point x="225" y="136"/>
<point x="373" y="226"/>
</points>
</Connector>
<Connector class="oracle.dbtools.crest.swingui.relational.TVFKRelation" oid="B5DD98F6-E484-0C94-82D8-D3448055D87C" otype="FKIndexAssociation" vid_source="75649589-0667-1F8B-EB48-5F190F071050" vid_target="8A198EDF-FE1B-F1E9-CFD4-E59ED9E5342F">
<hideElementsInCurrentOnly>false</hideElementsInCurrentOnly>
<backgroundColor>-16777216</backgroundColor>
<lineWidth>1</lineWidth>
<points>
<point x="485" y="219"/>
<point x="485" y="202"/>
</points>
</Connector>
<Connector class="oracle.dbtools.crest.swingui.relational.TVFKRelation" oid="DCAAAD0B-D9FB-6D5F-806F-79DB24F3A702" otype="FKIndexAssociation" vid_source="278735EC-F211-B729-42E6-1DB03A1789DB" vid_target="6558D304-1112-3AE2-6B11-4EC6895EC096">
<hideElementsInCurrentOnly>false</hideElementsInCurrentOnly>
<backgroundColor>-16777216</backgroundColor>
<lineWidth>1</lineWidth>
<points>
<point x="142" y="399"/>
<point x="142" y="359"/>
</points>
</Connector>
</connectors>
</Diagram>