<?xml version = '1.0' encoding = 'UTF-8'?>
<FKIndexAssociation class="oracle.dbtools.crest.model.design.relational.FKIndexAssociation" directorySegmentName="seg_0" id="0C813D26-0CDF-A7B7-148E-892CB8C4BF04" containerWithKeyObject="73CB2403-6ABC-08CD-E584-627EAF057748" localFKIndex="5BC6FD0B-6E68-8DF9-4AD9-FC7611E077B2" name="phones_contacts_FK">
<createdBy>lucas</createdBy>
<createdTime>2022-05-15 20:34:20 UTC</createdTime>
<ownerDesignName>ContactBooks</ownerDesignName>
<referredTableLongName>contacts</referredTableLongName>
<deleteRule>NO ACTION</deleteRule>
<referredTableID>3FF6D3CF-2F0A-304F-FD0F-F964F5194670</referredTableID>
<keyObject>5FA11CE9-7262-6469-3F1E-86AF30963B9D</keyObject>
<referredKeyID>5FA11CE9-7262-6469-3F1E-86AF30963B9D</referredKeyID>
<mandatory>true</mandatory>
<refColNames>id</refColNames>
<transferable>true</transferable>
<rely>false</rely>
<columnDependencyConstraintGenerateInDDL>true</columnDependencyConstraintGenerateInDDL>
</FKIndexAssociation>