<?xml version = '1.0' encoding = 'UTF-8'?>
<FKIndexAssociation class="oracle.dbtools.crest.model.design.relational.FKIndexAssociation" directorySegmentName="seg_0" id="1FD3E8C6-2CF6-4FA2-6B1B-7A2FF95C9CF4" containerWithKeyObject="B1148CA7-21F7-F790-D1CE-DF8048111263" localFKIndex="663C208D-EBD4-514E-E180-FC1DB599572B" name="contact_books_owners_FK">
<createdBy>lucas</createdBy>
<createdTime>2022-05-15 20:29:27 UTC</createdTime>
<ownerDesignName>ContactBooks</ownerDesignName>
<referredTableLongName>owners</referredTableLongName>
<deleteRule>NO ACTION</deleteRule>
<referredTableID>B6F324D3-4ADD-2097-1D48-D95272F0C82C</referredTableID>
<keyObject>0D27E53F-9F3D-F9B0-1F2D-9E0C4C242B9A</keyObject>
<referredKeyID>0D27E53F-9F3D-F9B0-1F2D-9E0C4C242B9A</referredKeyID>
<mandatory>true</mandatory>
<refColNames>id</refColNames>
<transferable>true</transferable>
<rely>false</rely>
<columnDependencyConstraintGenerateInDDL>true</columnDependencyConstraintGenerateInDDL>
</FKIndexAssociation>