<?xml version = '1.0' encoding = 'UTF-8'?>
<FKIndexAssociation class="oracle.dbtools.crest.model.design.relational.FKIndexAssociation" directorySegmentName="seg_0" id="7231DAC0-3A79-FB00-C266-71FBD20D054C" containerWithKeyObject="3FF6D3CF-2F0A-304F-FD0F-F964F5194670" localFKIndex="D71E2FDF-6760-57B1-F927-EC8E8566D5BF" name="contacts_contact_books_FK">
<createdBy>lucas</createdBy>
<createdTime>2022-05-15 20:34:58 UTC</createdTime>
<ownerDesignName>ContactBooks</ownerDesignName>
<referredTableLongName>contact_books</referredTableLongName>
<deleteRule>NO ACTION</deleteRule>
<referredTableID>B1148CA7-21F7-F790-D1CE-DF8048111263</referredTableID>
<keyObject>00102FB0-C40D-DE34-AD21-73010A0022E4</keyObject>
<referredKeyID>00102FB0-C40D-DE34-AD21-73010A0022E4</referredKeyID>
<mandatory>true</mandatory>
<refColNames>id</refColNames>
<transferable>true</transferable>
<rely>false</rely>
<columnDependencyConstraintGenerateInDDL>true</columnDependencyConstraintGenerateInDDL>
</FKIndexAssociation>