<?xml version = '1.0' encoding = 'UTF-8'?>
<FKIndexAssociation class="oracle.dbtools.crest.model.design.relational.FKIndexAssociation" directorySegmentName="seg_0" id="8C4F5585-C9E7-F93B-8FC0-892B4F3F7AF0" containerWithKeyObject="40462ABE-FB26-EAF4-9781-F34BE95DEA23" localFKIndex="9A1F0722-1FCB-F567-A042-1FF54BD5CD4F" name="emails_contacts_FK">
<createdBy>lucas</createdBy>
<createdTime>2022-05-15 20:35:55 UTC</createdTime>
<ownerDesignName>ContactBooks</ownerDesignName>
<referredTableLongName>contacts</referredTableLongName>
<deleteRule>NO ACTION</deleteRule>
<referredTableID>3FF6D3CF-2F0A-304F-FD0F-F964F5194670</referredTableID>
<keyObject>5FA11CE9-7262-6469-3F1E-86AF30963B9D</keyObject>
<referredKeyID>5FA11CE9-7262-6469-3F1E-86AF30963B9D</referredKeyID>
<mandatory>true</mandatory>
<refColNames>id</refColNames>
<transferable>true</transferable>
<rely>false</rely>
<columnDependencyConstraintGenerateInDDL>true</columnDependencyConstraintGenerateInDDL>
</FKIndexAssociation>