<?xml version = '1.0' encoding = 'UTF-8'?>
<Entity class="oracle.dbtools.crest.model.design.logical.Entity" directorySegmentName="seg_0" id="45A8C34E-3676-7CBD-76E6-7FCC262D68B3" name="card issuers">
<createdBy>lucas</createdBy>
<createdTime>2022-05-22 20:12:00 UTC</createdTime>
<generatorID>879E1FD3-CA87-24E5-4D4A-B9016C95B445</generatorID>
<ownerDesignName>Fintech</ownerDesignName>
<engineerTo>
<item key="1FE2F9D5-B87F-7E9F-95BD-EEB7F815E811" value="true"/>
</engineerTo>
<adequatelyNormalized>NO</adequatelyNormalized>
<expectedVolumes>0</expectedVolumes>
<fwdEngineeringStrategyName>Single Table</fwdEngineeringStrategyName>
<growthPercent>0</growthPercent>
<growthType>Year</growthType>
<maxVolumes>9999999</maxVolumes>
<minVolumes>0</minVolumes>
<normalForm>Third</normalForm>
<attributes itemClass="oracle.dbtools.crest.model.design.logical.Attribute">
<Attribute name="id" id="98A06686-9C62-72B6-7647-C0B7A50108FD">
<createdBy>lucas</createdBy>
<createdTime>2022-05-22 20:12:00 UTC</createdTime>
<generatorID>35A1747A-E697-F1CE-0E1F-F36A46E503E2</generatorID>
<ownerDesignName>Fintech</ownerDesignName>
<engineerTo>
<item key="1FE2F9D5-B87F-7E9F-95BD-EEB7F815E811" value="true"/>
</engineerTo>
<use>0</use>
<ownDataTypeParameters>,,</ownDataTypeParameters>
</Attribute>
<Attribute name="name" id="6349932B-21D5-7373-17E7-EDBA34A2E9B4">
<createdBy>lucas</createdBy>
<createdTime>2022-05-22 20:12:00 UTC</createdTime>
<generatorID>DA188BBB-2CD3-4C9C-CAF3-46618A567945</generatorID>
<ownerDesignName>Fintech</ownerDesignName>
<engineerTo>
<item key="1FE2F9D5-B87F-7E9F-95BD-EEB7F815E811" value="true"/>
</engineerTo>
<use>0</use>
<ownDataTypeParameters>,,</ownDataTypeParameters>
</Attribute>
</attributes>
<identifiers itemClass="oracle.dbtools.crest.model.design.logical.CandidateKey">
<identifier id="6C9FDBD3-3A57-7C1C-72D1-CAE420102282" name="card issuers PK">
<createdBy>lucas</createdBy>
<createdTime>2022-05-22 20:12:00 UTC</createdTime>
<generatorID>E9E2664D-9003-C8AF-0CD1-786D15B22F86</generatorID>
<ownerDesignName>Fintech</ownerDesignName>
<engineerTo>
<item key="1FE2F9D5-B87F-7E9F-95BD-EEB7F815E811" value="true"/>
</engineerTo>
<pk>true</pk>
<usedAttributes>
<attributeRef>98A06686-9C62-72B6-7647-C0B7A50108FD</attributeRef>
</usedAttributes>
</identifier>
</identifiers>
</Entity>