<?xml version = '1.0' encoding = 'UTF-8'?>
<Entity class="oracle.dbtools.crest.model.design.logical.Entity" directorySegmentName="seg_0" id="51002581-B5C6-CC85-2537-D89641FD3DFD" name="bank accounts">
<createdBy>lucas</createdBy>
<createdTime>2022-05-22 20:12:00 UTC</createdTime>
<generatorID>BD4793A1-1B24-7167-DCB7-628BB1D11C65</generatorID>
<ownerDesignName>Fintech</ownerDesignName>
<engineerTo>
<item key="1FE2F9D5-B87F-7E9F-95BD-EEB7F815E811" value="true"/>
</engineerTo>
<adequatelyNormalized>NO</adequatelyNormalized>
<expectedVolumes>0</expectedVolumes>
<fwdEngineeringStrategyName>Single Table</fwdEngineeringStrategyName>
<growthPercent>0</growthPercent>
<growthType>Year</growthType>
<maxVolumes>9999999</maxVolumes>
<minVolumes>0</minVolumes>
<normalForm>Third</normalForm>
<attributes itemClass="oracle.dbtools.crest.model.design.logical.Attribute">
<Attribute name="id" id="AC8A1307-9680-4D20-0D83-4D17F669A1D5">
<createdBy>lucas</createdBy>
<createdTime>2022-05-22 20:12:00 UTC</createdTime>
<generatorID>DDA7E3A1-8AEE-F36C-4FD0-8A856B7A1805</generatorID>
<ownerDesignName>Fintech</ownerDesignName>
<engineerTo>
<item key="1FE2F9D5-B87F-7E9F-95BD-EEB7F815E811" value="true"/>
</engineerTo>
<use>0</use>
<ownDataTypeParameters>,,</ownDataTypeParameters>
</Attribute>
<Attribute name="user id" id="0FE17A8D-3545-ED03-712E-8A302D51E953">
<createdBy>lucas</createdBy>
<createdTime>2022-05-22 20:12:00 UTC</createdTime>
<generatorID>4EF5A059-2213-F5B6-5B23-F1F875E3DA66</generatorID>
<ownerDesignName>Fintech</ownerDesignName>
<engineerTo>
<item key="1FE2F9D5-B87F-7E9F-95BD-EEB7F815E811" value="true"/>
</engineerTo>
<referedAttribute>84CE5379-A862-5675-0C4C-7599E295913A</referedAttribute>
<use>0</use>
<ownDataTypeParameters>,,</ownDataTypeParameters>
</Attribute>
<Attribute name="bank id" id="B3869432-F70B-BD7F-7DE3-66CB4F1A8F38">
<createdBy>lucas</createdBy>
<createdTime>2022-05-22 20:12:00 UTC</createdTime>
<generatorID>B8792DFA-6E20-420A-6F46-1BCD541C7B3F</generatorID>
<ownerDesignName>Fintech</ownerDesignName>
<engineerTo>
<item key="1FE2F9D5-B87F-7E9F-95BD-EEB7F815E811" value="true"/>
</engineerTo>
<referedAttribute>CD47FAD9-BAD0-D8AA-1EE6-28B1330EDC84</referedAttribute>
<use>0</use>
<ownDataTypeParameters>,,</ownDataTypeParameters>
</Attribute>
<Attribute name="name" id="18FB71DE-B5BF-6E8A-C7D8-725204A9D0EC">
<createdBy>lucas</createdBy>
<createdTime>2022-05-22 20:12:00 UTC</createdTime>
<generatorID>FA982535-4051-3B4C-0FCE-B8D7DE217079</generatorID>
<ownerDesignName>Fintech</ownerDesignName>
<engineerTo>
<item key="1FE2F9D5-B87F-7E9F-95BD-EEB7F815E811" value="true"/>
</engineerTo>
<use>0</use>
<ownDataTypeParameters>,,</ownDataTypeParameters>
</Attribute>
<Attribute name="token" id="98F997E3-3F86-BBC4-B3FC-77160759F4B1">
<createdBy>lucas</createdBy>
<createdTime>2022-05-22 20:12:00 UTC</createdTime>
<generatorID>57E41AC0-56DE-ECD0-E067-4A6FCF32835E</generatorID>
<ownerDesignName>Fintech</ownerDesignName>
<engineerTo>
<item key="1FE2F9D5-B87F-7E9F-95BD-EEB7F815E811" value="true"/>
</engineerTo>
<use>0</use>
<ownDataTypeParameters>,,</ownDataTypeParameters>
</Attribute>
</attributes>
<identifiers itemClass="oracle.dbtools.crest.model.design.logical.CandidateKey">
<identifier id="CFB7AB11-DA8D-224A-E4A1-251016145676" name="bank accounts PK">
<createdBy>lucas</createdBy>
<createdTime>2022-05-22 20:12:00 UTC</createdTime>
<generatorID>A0181FE3-2CAC-52B4-EDE9-FE4E427B3F04</generatorID>
<ownerDesignName>Fintech</ownerDesignName>
<engineerTo>
<item key="1FE2F9D5-B87F-7E9F-95BD-EEB7F815E811" value="true"/>
</engineerTo>
<pk>true</pk>
<usedAttributes>
<attributeRef>AC8A1307-9680-4D20-0D83-4D17F669A1D5</attributeRef>
</usedAttributes>
</identifier>
</identifiers>
</Entity>