<?xml version = '1.0' encoding = 'UTF-8'?>
<Entity class="oracle.dbtools.crest.model.design.logical.Entity" directorySegmentName="seg_0" id="E5AB4549-DFA1-4781-286E-C3CE1C226BB2" name="events">
<createdBy>lucas</createdBy>
<createdTime>2022-05-22 20:12:00 UTC</createdTime>
<generatorID>E2E1DB80-F767-2710-EB9C-76DC6E6D7284</generatorID>
<ownerDesignName>Fintech</ownerDesignName>
<engineerTo>
<item key="1FE2F9D5-B87F-7E9F-95BD-EEB7F815E811" value="true"/>
</engineerTo>
<adequatelyNormalized>NO</adequatelyNormalized>
<expectedVolumes>0</expectedVolumes>
<fwdEngineeringStrategyName>Single Table</fwdEngineeringStrategyName>
<growthPercent>0</growthPercent>
<growthType>Year</growthType>
<maxVolumes>9999999</maxVolumes>
<minVolumes>0</minVolumes>
<normalForm>Third</normalForm>
<attributes itemClass="oracle.dbtools.crest.model.design.logical.Attribute">
<Attribute name="id" id="7378234A-5D8E-84CB-5EEA-752637DD2337">
<createdBy>lucas</createdBy>
<createdTime>2022-05-22 20:12:00 UTC</createdTime>
<generatorID>91BF94CC-EC18-0099-2781-C4C4942D04CB</generatorID>
<ownerDesignName>Fintech</ownerDesignName>
<engineerTo>
<item key="1FE2F9D5-B87F-7E9F-95BD-EEB7F815E811" value="true"/>
</engineerTo>
<use>0</use>
<ownDataTypeParameters>,,</ownDataTypeParameters>
</Attribute>
<Attribute name="user id" id="AD2BFA9C-30A2-A82E-AC8E-EAE84673498F">
<createdBy>lucas</createdBy>
<createdTime>2022-05-22 20:12:00 UTC</createdTime>
<generatorID>E2CA6F3C-D10C-73EB-2563-BD3390A98CC7</generatorID>
<ownerDesignName>Fintech</ownerDesignName>
<engineerTo>
<item key="1FE2F9D5-B87F-7E9F-95BD-EEB7F815E811" value="true"/>
</engineerTo>
<referedAttribute>84CE5379-A862-5675-0C4C-7599E295913A</referedAttribute>
<use>0</use>
<ownDataTypeParameters>,,</ownDataTypeParameters>
</Attribute>
<Attribute name="creator id" id="05D644B9-3956-FE91-5BE4-17EFAF2078DC">
<createdBy>lucas</createdBy>
<createdTime>2022-05-22 20:12:00 UTC</createdTime>
<generatorID>16DDB83D-094A-76AD-BAEB-F1B4912B3CCE</generatorID>
<ownerDesignName>Fintech</ownerDesignName>
<engineerTo>
<item key="1FE2F9D5-B87F-7E9F-95BD-EEB7F815E811" value="true"/>
</engineerTo>
<referedAttribute>AC8A1307-9680-4D20-0D83-4D17F669A1D5</referedAttribute>
<use>0</use>
<ownDataTypeParameters>,,</ownDataTypeParameters>
</Attribute>
<Attribute name="type" id="B933D5BC-4479-2FF0-4458-11A2503D53F6">
<createdBy>lucas</createdBy>
<createdTime>2022-05-22 20:12:00 UTC</createdTime>
<generatorID>1D7F7B91-72AD-A0AA-FB68-D1EE5852BC08</generatorID>
<ownerDesignName>Fintech</ownerDesignName>
<engineerTo>
<item key="1FE2F9D5-B87F-7E9F-95BD-EEB7F815E811" value="true"/>
</engineerTo>
<use>0</use>
<ownDataTypeParameters>,,</ownDataTypeParameters>
</Attribute>
<Attribute name="created at" id="F234AD2B-D1C4-33B5-9A75-52522153867C">
<createdBy>lucas</createdBy>
<createdTime>2022-05-22 20:12:00 UTC</createdTime>
<generatorID>486D8B22-ACE5-1CF2-3CDB-843837E83782</generatorID>
<ownerDesignName>Fintech</ownerDesignName>
<engineerTo>
<item key="1FE2F9D5-B87F-7E9F-95BD-EEB7F815E811" value="true"/>
</engineerTo>
<use>0</use>
<ownDataTypeParameters>,,</ownDataTypeParameters>
</Attribute>
<Attribute name="cards.id" id="ACD87DDF-C346-FED4-2736-A2523F352C8D">
<createdBy>lucas</createdBy>
<createdTime>2022-05-22 20:12:00 UTC</createdTime>
<generatorID>F49D806D-1DE1-C225-4B41-ED33E1227EE9</generatorID>
<ownerDesignName>Fintech</ownerDesignName>
<engineerTo>
<item key="1FE2F9D5-B87F-7E9F-95BD-EEB7F815E811" value="true"/>
</engineerTo>
<referedAttribute>B2F00E75-54E4-5799-4AA4-0F80D824B67D</referedAttribute>
<use>0</use>
<ownDataTypeParameters>,,</ownDataTypeParameters>
</Attribute>
</attributes>
<identifiers itemClass="oracle.dbtools.crest.model.design.logical.CandidateKey">
<identifier id="9392A771-0A3D-93BC-C878-D80ED104658F" name="events PK">
<createdBy>lucas</createdBy>
<createdTime>2022-05-22 20:12:00 UTC</createdTime>
<generatorID>03964A73-4B03-259B-F880-07541628949A</generatorID>
<ownerDesignName>Fintech</ownerDesignName>
<engineerTo>
<item key="1FE2F9D5-B87F-7E9F-95BD-EEB7F815E811" value="true"/>
</engineerTo>
<pk>true</pk>
<usedAttributes>
<attributeRef>7378234A-5D8E-84CB-5EEA-752637DD2337</attributeRef>
</usedAttributes>
</identifier>
</identifiers>
</Entity>