<?xml version = '1.0' encoding = 'UTF-8'?>
<FKIndexAssociation class="oracle.dbtools.crest.model.design.relational.FKIndexAssociation" directorySegmentName="seg_0" id="10B0D021-5A71-1C09-AC4C-A4EC053127FB" containerWithKeyObject="E2E1DB80-F767-2710-EB9C-76DC6E6D7284" localFKIndex="5371AE3F-16BE-8AB1-9C7F-EA6842AA0615" name="events_users_FK">
<createdBy>lucas</createdBy>
<createdTime>2022-05-22 20:07:31 UTC</createdTime>
<ownerDesignName>Fintech</ownerDesignName>
<referredTableLongName>users</referredTableLongName>
<deleteRule>NO ACTION</deleteRule>
<referredTableID>4D0571FF-3962-5FD4-6DCA-4FEC3AE68AD0</referredTableID>
<keyObject>E4A9ECDE-5F89-CD46-8C49-B16FEFB8F2DF</keyObject>
<referredKeyID>E4A9ECDE-5F89-CD46-8C49-B16FEFB8F2DF</referredKeyID>
<mandatory>true</mandatory>
<refColNames>id</refColNames>
<transferable>true</transferable>
<rely>false</rely>
<columnDependencyConstraintGenerateInDDL>true</columnDependencyConstraintGenerateInDDL>
</FKIndexAssociation>