<?xml version = '1.0' encoding = 'UTF-8'?>
<FKIndexAssociation class="oracle.dbtools.crest.model.design.relational.FKIndexAssociation" directorySegmentName="seg_0" id="2907E4B0-895B-AD77-7460-1A266D71AA3F" containerWithKeyObject="BD4793A1-1B24-7167-DCB7-628BB1D11C65" localFKIndex="40F43187-AAEF-0378-D307-6D333DFC68B2" name="bank_accounts_banks_FK">
<createdBy>lucas</createdBy>
<createdTime>2022-05-22 20:01:47 UTC</createdTime>
<ownerDesignName>Fintech</ownerDesignName>
<referredTableLongName>banks</referredTableLongName>
<deleteRule>NO ACTION</deleteRule>
<referredTableID>F3F6786E-B602-1871-9ED7-6B802146648E</referredTableID>
<keyObject>7BD8C33B-B24D-A8B9-2EE4-E0EF578E78B6</keyObject>
<referredKeyID>7BD8C33B-B24D-A8B9-2EE4-E0EF578E78B6</referredKeyID>
<mandatory>true</mandatory>
<refColNames>id</refColNames>
<transferable>true</transferable>
<rely>false</rely>
<columnDependencyConstraintGenerateInDDL>true</columnDependencyConstraintGenerateInDDL>
</FKIndexAssociation>