<?xml version = '1.0' encoding = 'UTF-8'?>
<FKIndexAssociation class="oracle.dbtools.crest.model.design.relational.FKIndexAssociation" directorySegmentName="seg_0" id="450D16A6-2108-9967-07F1-39F34B2613AF" containerWithKeyObject="E2E1DB80-F767-2710-EB9C-76DC6E6D7284" localFKIndex="79122CAD-F43B-66CA-CBB0-69A2C409AA4D" name="events_cards_FK">
<createdBy>lucas</createdBy>
<createdTime>2022-05-22 20:07:31 UTC</createdTime>
<ownerDesignName>Fintech</ownerDesignName>
<referredTableLongName>cards</referredTableLongName>
<deleteRule>NO ACTION</deleteRule>
<referredTableID>0A115D1F-79B1-4F27-9B59-0D5DAE4BF386</referredTableID>
<keyObject>BBC1B4E6-C89C-43BA-FB83-2A8F982C2C9C</keyObject>
<referredKeyID>BBC1B4E6-C89C-43BA-FB83-2A8F982C2C9C</referredKeyID>
<mandatory>true</mandatory>
<refColNames>id</refColNames>
<transferable>true</transferable>
<rely>false</rely>
<columnDependencyConstraintGenerateInDDL>true</columnDependencyConstraintGenerateInDDL>
</FKIndexAssociation>