<?xml version = '1.0' encoding = 'UTF-8'?>
<FKIndexAssociation class="oracle.dbtools.crest.model.design.relational.FKIndexAssociation" directorySegmentName="seg_0" id="45EABA21-1A5B-C5FF-F4E5-FDA7C7E93E50" containerWithKeyObject="0A115D1F-79B1-4F27-9B59-0D5DAE4BF386" localFKIndex="6D057722-5027-FD2E-DE63-0D9A3BE2CFA7" name="cards_users_FK">
<createdBy>lucas</createdBy>
<createdTime>2022-05-22 20:00:02 UTC</createdTime>
<ownerDesignName>Fintech</ownerDesignName>
<referredTableLongName>users</referredTableLongName>
<deleteRule>NO ACTION</deleteRule>
<referredTableID>4D0571FF-3962-5FD4-6DCA-4FEC3AE68AD0</referredTableID>
<keyObject>E4A9ECDE-5F89-CD46-8C49-B16FEFB8F2DF</keyObject>
<referredKeyID>E4A9ECDE-5F89-CD46-8C49-B16FEFB8F2DF</referredKeyID>
<mandatory>true</mandatory>
<refColNames>id</refColNames>
<transferable>true</transferable>
<rely>false</rely>
<columnDependencyConstraintGenerateInDDL>true</columnDependencyConstraintGenerateInDDL>
</FKIndexAssociation>