<?xml version = '1.0' encoding = 'UTF-8'?>
<FKIndexAssociation class="oracle.dbtools.crest.model.design.relational.FKIndexAssociation" directorySegmentName="seg_0" id="9D6E3C2E-B04A-AF86-2AA9-AAC2A412C649" containerWithKeyObject="BD4793A1-1B24-7167-DCB7-628BB1D11C65" localFKIndex="005907AD-E4A7-09A9-6D93-D1CD73FB8AD6" name="bank_accounts_users_FK">
<createdBy>lucas</createdBy>
<createdTime>2022-05-22 20:01:07 UTC</createdTime>
<ownerDesignName>Fintech</ownerDesignName>
<referredTableLongName>users</referredTableLongName>
<deleteRule>NO ACTION</deleteRule>
<referredTableID>4D0571FF-3962-5FD4-6DCA-4FEC3AE68AD0</referredTableID>
<keyObject>E4A9ECDE-5F89-CD46-8C49-B16FEFB8F2DF</keyObject>
<referredKeyID>E4A9ECDE-5F89-CD46-8C49-B16FEFB8F2DF</referredKeyID>
<mandatory>true</mandatory>
<refColNames>id</refColNames>
<transferable>true</transferable>
<rely>false</rely>
<columnDependencyConstraintGenerateInDDL>true</columnDependencyConstraintGenerateInDDL>
</FKIndexAssociation>