<?xml version = '1.0' encoding = 'UTF-8'?>
<FKIndexAssociation class="oracle.dbtools.crest.model.design.relational.FKIndexAssociation" directorySegmentName="seg_0" id="B5DD98F6-E484-0C94-82D8-D3448055D87C" containerWithKeyObject="E2E1DB80-F767-2710-EB9C-76DC6E6D7284" localFKIndex="F637F85A-81C3-8449-4622-120F52819BF8" name="events_bank_accounts_FK">
<createdBy>lucas</createdBy>
<createdTime>2022-05-22 20:07:31 UTC</createdTime>
<ownerDesignName>Fintech</ownerDesignName>
<referredTableLongName>bank_accounts</referredTableLongName>
<deleteRule>NO ACTION</deleteRule>
<referredTableID>BD4793A1-1B24-7167-DCB7-628BB1D11C65</referredTableID>
<keyObject>A0181FE3-2CAC-52B4-EDE9-FE4E427B3F04</keyObject>
<referredKeyID>A0181FE3-2CAC-52B4-EDE9-FE4E427B3F04</referredKeyID>
<mandatory>true</mandatory>
<refColNames>id</refColNames>
<transferable>true</transferable>
<rely>false</rely>
<columnDependencyConstraintGenerateInDDL>true</columnDependencyConstraintGenerateInDDL>
</FKIndexAssociation>