<?xml version = '1.0' encoding = 'UTF-8'?>
<FKIndexAssociation class="oracle.dbtools.crest.model.design.relational.FKIndexAssociation" directorySegmentName="seg_0" id="DCAAAD0B-D9FB-6D5F-806F-79DB24F3A702" containerWithKeyObject="0A115D1F-79B1-4F27-9B59-0D5DAE4BF386" localFKIndex="A8C69DC4-5706-C593-DD1E-0D6CFB7479BD" name="cards_card_issuers_FK">
<createdBy>lucas</createdBy>
<createdTime>2022-05-22 20:03:50 UTC</createdTime>
<ownerDesignName>Fintech</ownerDesignName>
<referredTableLongName>card_issuers</referredTableLongName>
<deleteRule>NO ACTION</deleteRule>
<referredTableID>879E1FD3-CA87-24E5-4D4A-B9016C95B445</referredTableID>
<keyObject>E9E2664D-9003-C8AF-0CD1-786D15B22F86</keyObject>
<referredKeyID>E9E2664D-9003-C8AF-0CD1-786D15B22F86</referredKeyID>
<mandatory>true</mandatory>
<refColNames>id</refColNames>
<transferable>true</transferable>
<rely>false</rely>
<columnDependencyConstraintGenerateInDDL>true</columnDependencyConstraintGenerateInDDL>
</FKIndexAssociation>