<?xml version = '1.0' encoding = 'UTF-8'?>
<Diagram class="oracle.dbtools.crest.swingui.relational.DPVRelational" name="ContactBooks" id="73C85EF9-429B-1523-A968-EF26C73BB9D3">
<createdBy>lucas</createdBy>
<modifiedBy>lucas</modifiedBy>
<createdTime>2022-05-15 20:22:12 UTC</createdTime>
<autoRoute>false</autoRoute>
<boxInbox>true</boxInbox>
<showLegend>false</showLegend>
<showLabels>false</showLabels>
<showRelAttributes>false</showRelAttributes>
<gridEnabled>false</gridEnabled>
<showGrid>false</showGrid>
<diagramColor>-1</diagramColor>
<display>false</display>
<notation>1</notation>
<objectViews>
<OView class="oracle.dbtools.crest.swingui.relational.TVTable" oid="3FF6D3CF-2F0A-304F-FD0F-F964F5194670" otype="Table" vid="8766635D-735D-A4BE-6A6C-00F4A5B9AD95">
<hideElementsInCurrentOnly>false</hideElementsInCurrentOnly>
<bounds x="188" y="326" width="253" height="135"/>
</OView>
<OView class="oracle.dbtools.crest.swingui.relational.TVTable" oid="40462ABE-FB26-EAF4-9781-F34BE95DEA23" otype="Table" vid="849A57F3-678E-1A41-5AC3-AAB6025472DC">
<hideElementsInCurrentOnly>false</hideElementsInCurrentOnly>
<bounds x="536" y="370" width="237" height="122"/>
</OView>
<OView class="oracle.dbtools.crest.swingui.relational.TVTable" oid="73CB2403-6ABC-08CD-E584-627EAF057748" otype="Table" vid="14C1EB51-EF21-BF9C-71DC-C9CF5E4D1DBA">
<hideElementsInCurrentOnly>false</hideElementsInCurrentOnly>
<bounds x="536" y="227" width="236" height="124"/>
</OView>
<OView class="oracle.dbtools.crest.swingui.relational.TVTable" oid="B1148CA7-21F7-F790-D1CE-DF8048111263" otype="Table" vid="B12036FD-CE00-B9B3-F1D8-23BC8F038919">
<hideElementsInCurrentOnly>false</hideElementsInCurrentOnly>
<bounds x="187" y="172" width="289" height="111"/>
</OView>
<OView class="oracle.dbtools.crest.swingui.relational.TVTable" oid="B6F324D3-4ADD-2097-1D48-D95272F0C82C" otype="Table" vid="A58A6A9C-2C0C-4FEC-852B-22F4A93EFD51">
<hideElementsInCurrentOnly>false</hideElementsInCurrentOnly>
<bounds x="19" y="17" width="170" height="90"/>
</OView>
</objectViews>
<connectors>
<Connector class="oracle.dbtools.crest.swingui.relational.TVFKRelation" oid="0C813D26-0CDF-A7B7-148E-892CB8C4BF04" otype="FKIndexAssociation" vid_source="8766635D-735D-A4BE-6A6C-00F4A5B9AD95" vid_target="14C1EB51-EF21-BF9C-71DC-C9CF5E4D1DBA">
<hideElementsInCurrentOnly>false</hideElementsInCurrentOnly>
<backgroundColor>-16777216</backgroundColor>
<lineWidth>1</lineWidth>
<points>
<point x="441" y="338"/>
<point x="536" y="338"/>
</points>
</Connector>
<Connector class="oracle.dbtools.crest.swingui.relational.TVFKRelation" oid="1FD3E8C6-2CF6-4FA2-6B1B-7A2FF95C9CF4" otype="FKIndexAssociation" vid_source="A58A6A9C-2C0C-4FEC-852B-22F4A93EFD51" vid_target="B12036FD-CE00-B9B3-F1D8-23BC8F038919">
<hideElementsInCurrentOnly>false</hideElementsInCurrentOnly>
<backgroundColor>-16777216</backgroundColor>
<lineWidth>1</lineWidth>
<points>
<point x="188" y="107"/>
<point x="188" y="172"/>
</points>
</Connector>
<Connector class="oracle.dbtools.crest.swingui.relational.TVFKRelation" oid="7231DAC0-3A79-FB00-C266-71FBD20D054C" otype="FKIndexAssociation" vid_source="B12036FD-CE00-B9B3-F1D8-23BC8F038919" vid_target="8766635D-735D-A4BE-6A6C-00F4A5B9AD95">
<hideElementsInCurrentOnly>false</hideElementsInCurrentOnly>
<backgroundColor>-16777216</backgroundColor>
<lineWidth>1</lineWidth>
<points>
<point x="314" y="283"/>
<point x="314" y="326"/>
</points>
</Connector>
<Connector class="oracle.dbtools.crest.swingui.relational.TVFKRelation" oid="8C4F5585-C9E7-F93B-8FC0-892B4F3F7AF0" otype="FKIndexAssociation" vid_source="8766635D-735D-A4BE-6A6C-00F4A5B9AD95" vid_target="849A57F3-678E-1A41-5AC3-AAB6025472DC">
<hideElementsInCurrentOnly>false</hideElementsInCurrentOnly>
<backgroundColor>-16777216</backgroundColor>
<lineWidth>1</lineWidth>
<points>
<point x="441" y="415"/>
<point x="536" y="415"/>
</points>
</Connector>
</connectors>
</Diagram>