<?xml version = '1.0' encoding = 'UTF-8'?>
<relationalModel class="oracle.dbtools.crest.model.design.relational.RelationalDesign" name="ContactBooks" id="0EA98A91-9A23-A7DB-D4D4-F503E537021E" mainViewID="73C85EF9-429B-1523-A968-EF26C73BB9D3">
<createdBy>lucas</createdBy>
<createdTime>2022-05-15 20:22:12 UTC</createdTime>
<ownerDesignName>ContactBooks</ownerDesignName>
<shouldBeOpen>false</shouldBeOpen>
<selectedRDBMSSite>32076570-2523-435C-2E92-BF29817DFF70</selectedRDBMSSite>
</relationalModel>