<?xml version = '1.0' encoding = 'UTF-8'?>
<Diagram class="oracle.dbtools.crest.swingui.logical.DPVLogical" name="Logical" id="B541DC44-E62B-F983-7037-75605C399707">
<createdBy>lucas</createdBy>
<modifiedBy>lucas</modifiedBy>
<createdTime>2022-05-22 20:04:28 UTC</createdTime>
<autoRoute>false</autoRoute>
<boxInbox>true</boxInbox>
<showLegend>false</showLegend>
<showLabels>false</showLabels>
<showRelAttributes>false</showRelAttributes>
<gridEnabled>false</gridEnabled>
<showGrid>false</showGrid>
<diagramColor>-1</diagramColor>
<display>false</display>
<notation>1</notation>
<objectViews>
<OView class="oracle.dbtools.crest.swingui.logical.TVEntity" oid="2AE82674-E038-EB3D-F611-9732084322C7" otype="Entity" vid="082A0FE9-46DD-656A-D03D-A86C7C41E50B">
<hideElementsInCurrentOnly>false</hideElementsInCurrentOnly>
<bounds x="49" y="193" width="170" height="168"/>
</OView>
<OView class="oracle.dbtools.crest.swingui.logical.TVEntity" oid="45A8C34E-3676-7CBD-76E6-7FCC262D68B3" otype="Entity" vid="8B934539-513D-496C-D11A-0B974B1066DD">
<hideElementsInCurrentOnly>false</hideElementsInCurrentOnly>
<bounds x="49" y="400" width="170" height="77"/>
</OView>
<OView class="oracle.dbtools.crest.swingui.logical.TVEntity" oid="51002581-B5C6-CC85-2537-D89641FD3DFD" otype="Entity" vid="C2492E55-FE25-2597-E6E4-AE13BC51E4A6">
<hideElementsInCurrentOnly>false</hideElementsInCurrentOnly>
<bounds x="372" y="235" width="206" height="152"/>
</OView>
<OView class="oracle.dbtools.crest.swingui.logical.TVEntity" oid="BD5DCB9F-8ED0-3FB8-3306-22B2EE502D03" otype="Entity" vid="0F85BFC6-1F89-F0BF-C512-D3D38E27E178">
<hideElementsInCurrentOnly>false</hideElementsInCurrentOnly>
<bounds x="372" y="398" width="170" height="76"/>
</OView>
<OView class="oracle.dbtools.crest.swingui.logical.TVEntity" oid="D46B6507-8C9D-83A6-E1F4-B40B5BDA725A" otype="Entity" vid="ECEDE507-A6C9-37E3-C2D9-526D0B453DA5">
<hideElementsInCurrentOnly>false</hideElementsInCurrentOnly>
<bounds x="49" y="35" width="170" height="103"/>
</OView>
<OView class="oracle.dbtools.crest.swingui.logical.TVEntity" oid="E5AB4549-DFA1-4781-286E-C3CE1C226BB2" otype="Entity" vid="ED32C6E8-918B-6AF0-2B3C-6B3C84B09B6B">
<hideElementsInCurrentOnly>false</hideElementsInCurrentOnly>
<bounds x="371" y="44" width="225" height="170"/>
</OView>
</objectViews>
<connectors>
<Connector class="oracle.dbtools.crest.swingui.logical.TVRelation" oid="0EC05A4F-064E-0FBE-B89A-0DB9187605A4" otype="Relation" vid_source="8B934539-513D-496C-D11A-0B974B1066DD" vid_target="082A0FE9-46DD-656A-D03D-A86C7C41E50B">
<hideElementsInCurrentOnly>false</hideElementsInCurrentOnly>
<backgroundColor>-16777216</backgroundColor>
<lineWidth>1</lineWidth>
<points>
<point x="134" y="400"/>
<point x="134" y="361"/>
</points>
</Connector>
<Connector class="oracle.dbtools.crest.swingui.logical.TVRelation" oid="16DDB83D-094A-76AD-BAEB-F1B4912B3CCE" otype="Relation" vid_source="C2492E55-FE25-2597-E6E4-AE13BC51E4A6" vid_target="ED32C6E8-918B-6AF0-2B3C-6B3C84B09B6B">
<hideElementsInCurrentOnly>false</hideElementsInCurrentOnly>
<backgroundColor>-16777216</backgroundColor>
<lineWidth>1</lineWidth>
<points>
<point x="490" y="235"/>
<point x="490" y="214"/>
</points>
</Connector>
<Connector class="oracle.dbtools.crest.swingui.logical.TVRelation" oid="4EF5A059-2213-F5B6-5B23-F1F875E3DA66" otype="Relation" vid_source="ECEDE507-A6C9-37E3-C2D9-526D0B453DA5" vid_target="C2492E55-FE25-2597-E6E4-AE13BC51E4A6">
<hideElementsInCurrentOnly>false</hideElementsInCurrentOnly>
<backgroundColor>-16777216</backgroundColor>
<lineWidth>1</lineWidth>
<points>
<point x="212" y="138"/>
<point x="387" y="235"/>
</points>
</Connector>
<Connector class="oracle.dbtools.crest.swingui.logical.TVRelation" oid="B8792DFA-6E20-420A-6F46-1BCD541C7B3F" otype="Relation" vid_source="0F85BFC6-1F89-F0BF-C512-D3D38E27E178" vid_target="C2492E55-FE25-2597-E6E4-AE13BC51E4A6">
<hideElementsInCurrentOnly>false</hideElementsInCurrentOnly>
<backgroundColor>-16777216</backgroundColor>
<lineWidth>1</lineWidth>
<points>
<point x="457" y="398"/>
<point x="457" y="387"/>
</points>
</Connector>
<Connector class="oracle.dbtools.crest.swingui.logical.TVRelation" oid="E0A29D94-A90D-F34B-5038-0F19ABF82B34" otype="Relation" vid_source="ECEDE507-A6C9-37E3-C2D9-526D0B453DA5" vid_target="082A0FE9-46DD-656A-D03D-A86C7C41E50B">
<hideElementsInCurrentOnly>false</hideElementsInCurrentOnly>
<backgroundColor>-16777216</backgroundColor>
<lineWidth>1</lineWidth>
<points>
<point x="134" y="138"/>
<point x="134" y="193"/>
</points>
</Connector>
<Connector class="oracle.dbtools.crest.swingui.logical.TVRelation" oid="E2CA6F3C-D10C-73EB-2563-BD3390A98CC7" otype="Relation" vid_source="ECEDE507-A6C9-37E3-C2D9-526D0B453DA5" vid_target="ED32C6E8-918B-6AF0-2B3C-6B3C84B09B6B">
<hideElementsInCurrentOnly>false</hideElementsInCurrentOnly>
<backgroundColor>-16777216</backgroundColor>
<lineWidth>1</lineWidth>
<points>
<point x="219" y="106"/>
<point x="371" y="106"/>
</points>
</Connector>
<Connector class="oracle.dbtools.crest.swingui.logical.TVRelation" oid="F49D806D-1DE1-C225-4B41-ED33E1227EE9" otype="Relation" vid_source="082A0FE9-46DD-656A-D03D-A86C7C41E50B" vid_target="ED32C6E8-918B-6AF0-2B3C-6B3C84B09B6B">
<hideElementsInCurrentOnly>false</hideElementsInCurrentOnly>
<backgroundColor>-16777216</backgroundColor>
<lineWidth>1</lineWidth>
<points>
<point x="219" y="203"/>
<point x="371" y="203"/>
</points>
</Connector>
</connectors>
</Diagram>